image,game title
https://play-lh.googleusercontent.com/1pn5Sy39n0obyjTWLEkSyzf85IcpUK5nssTQ9wK300v0bTqO9jHEQJ9tnzR2wO3Nc9g,Offroad US Army Bus Transport
https://play-lh.googleusercontent.com/uX9qeuJUgOPxJZUqI0N8XhPTVWErvi6gM8IXVt_0TUoEa7xLayFDY4bKJqpm7NSWUw,jogo de matar dinossauro
https://play-lh.googleusercontent.com/MzFWHSMEmrkEjNUVD0k2r9Hg5cvrQnkthk7lY-APjN2OH4DAURpvRuJTkMYWIhlqhJc,Stickman Fighter Infinity
https://play-lh.googleusercontent.com/K4HJoLOxxehOGCw9KUxLrbJj3GAzRBMdSiKIpo7cweOysnuOdPQM6Q5IAmVZo00oHA,Recurrence Co-op
https://play-lh.googleusercontent.com/GIbilFHeDQN-XQbV02hEFJ28l-IvT30WR-GTOmOXJAFjlZ-xDtEQcchzoyFSoy_lr_k,War Machines: Jogo de tanques
https://play-lh.googleusercontent.com/y5qOBm9DWJXj-EVH4NpWJwoen43QV5QARppTcIR9mi6RdZKQ3QNZ2Qz16g5FxA4wi1s,Alien Shooter 2- The Legend
https://play-lh.googleusercontent.com/XdL07cqjwLtINA3HtqjYcke5wrmHxAWD3mhIscoDv7lJMxf7_vkBhIwTheWB9N7A0Q,Deadly Days Gone Wrong
https://play-lh.googleusercontent.com/tVF66eq-2OWVcFD9D8wP7xnk1F_TGQd8xxu0HtRbXuc7pJFUoZ-idWvGPVDH3Vxd-wOZ,Letters Monster Rope Game
https://play-lh.googleusercontent.com/OJqgTq_-fZ69vILRWmPPvlxCuvGUxibVsG_-yYzXXJ_dpJWo_ZRQ5O3WaYzg6vgwz8Cs,Stickman Archer online
https://play-lh.googleusercontent.com/KN7ZgIeJ8LyxE0jTDq3HSQJj-wQu2E70DTZJZO5yw9X1HfK_8qDSMXnhSJjoPZmO9jY,Jackal Squad - Survival.io
https://play-lh.googleusercontent.com/GyR8cdmgDXU_LgPoDvxjV5bppnEPzERpoNFaOYNGg6z-3k_fjsjpgHB_bmiLZPA-i3Y,I Want Pizza
https://play-lh.googleusercontent.com/8EV8th7xc_GBuVFFKifduoEfNsBAutI_cL9FTWZ17aqcqfflJEBC_pGAjCFgWLnldZBJ,My Friend Pedro : Ripe for Rev
https://play-lh.googleusercontent.com/bQAGrhcHDqkpIyOFnIWRSABKal3cBAfK8OSZQ-zNXpztAcxSkeO7GBtJRRyGM_lnpw,Royale FF: Battle Sigma
https://play-lh.googleusercontent.com/_HmLE-3gHoQ2l7Q893IqQWhCtNHjO0xWx0aUn_uuLDiU_PEqUO_d_DWKg06adk5YMwQ,Ugandan Battle Royale Online
https://play-lh.googleusercontent.com/qc4nXJx3R-8aj99tCYDtGLwugmBqeBvG7khwVcQ_ok34ebl3zJiBaXv-2YtPkFK6vuE,Beam Drive Car Crash 3D
https://play-lh.googleusercontent.com/OrbQ3ATjlD1iV8V494Lv261SAMQlTVw-a5M-psFRK-g0X4u9f0jn7efRFrltqVDItA4,Most Wanted 3D
https://play-lh.googleusercontent.com/jJz52bys9XXw_jBNesY-W5RqlozEllLd6RFeq1UCCfpbRsP27svlg_7CHEJ6bKwDVfo,Hunt Royale: Action RPG Battle
https://play-lh.googleusercontent.com/3FD8xYjYTmj7sbmPSykLmBEw5y1L4wv4FWwnxuxYvSkVAho3kBUIJNnzxJJjieeXDO0o,Tactic Shot
https://play-lh.googleusercontent.com/MkaBcoR8oD9UE4D6_F5_ID15CNx3JaROHHqIiQ0y2MV124wR0-3G4Lr5laFLQesu91Q=w240-h480-rw,The Walking Dead: Our World
https://play-lh.googleusercontent.com/qPS1OW0xlBvOlIVrLVUG9uE1zrwaDgNJRiDKMYvC7Oi65zp14sIuKH1g_n3nvFuQI13s,1v1Battle - Build Fight Sim
https://play-lh.googleusercontent.com/l5h9vTJntjWLhVoOaVDQgPifUW6pQooU-EYtPq_InR-Dvd1abwaJbVzdFXleoNanoe8N,Sniper Strike FPS 3D Shooting
https://play-lh.googleusercontent.com/kFZmbrM-xz6h0mK8-XrQsb9nw6gvt90BdKtp6rdGEg6Kk5g0BRuzGjM7Lb8REu2zNPbH,Stickman Ninja Fight
https://play-lh.googleusercontent.com/0Rdzb0HX61QzkpbzwPlvAznYEgFy-5Ixbg70Pzp11vasEeffivdKQTkjUcpdTW-EZdp0,Ben 10 Alien Secret
https://static.gameloop.com/img/ae2b044ec0344aafa3d764eb3edc8e05.png?imageMogr2/thumbnail/172.8x172.8/format/webp,Bramble The Mountain King Guia
https://play-lh.googleusercontent.com/labIa_baHxtT7pNEsc7GnP1msz_u0qg-MlAeaEUBh8CJltr4f4Vjm1B_RBRa6P86bmw,Dragon Craft
https://play-lh.googleusercontent.com/Am1cY6gFr-FaOGLBx5uJKJTnmM2399IyOmg7bAhQ3Ad0a4ExORuyqvJWnq_UjdIARg,Home Flip: Mestre dos Saltos
https://play-lh.googleusercontent.com/AqVtPpzshSpMD89Txn1XNb0Ek1AaXGUBru2xy_RSlQrs3LQc36w45Zn8jQKNUtXP-A,Sword Play! Jogo de ninja 3D
https://play-lh.googleusercontent.com/9xzFnDp8AoEWPCC2b4WwGPiaH_vtalPlcG0ownJED7vwWc4dTzrL2f14GauigsAuwbA,Ronin: O Ãšltimo Samurai
https://play-lh.googleusercontent.com/X6V1kXrN2QziaVha_-4kgpKn4W8eg2CfQNhhltE9zYFNnlBkb1ZYFH2M_px5y8eYvWc,Crash Bandicoot: On the Run!
https://play-lh.googleusercontent.com/Wr6Tfu2-r6YGYUYRyDT3YTxXEcRS8OOK4133PqpvTyspx219uSw1yfbVhPa5HWPffQ,Jogo de tiro offline Sniper
